name,brand,family,model,cores,threads,base_ghz,boost_ghz,process_nm,release_year
AMD Ryzen 7 9800X3D,AMD,,Ryzen 7 9800X3D,8,,,5.2,,
AMD Ryzen 7 7800X3D,AMD,,Ryzen 7 7800X3D,8,,,5.0,,
AMD Ryzen 5 7600X,AMD,,Ryzen 5 7600X,6,,,5.3,,
AMD Ryzen 5 9600X,AMD,,Ryzen 5 9600X,6,,,5.4,,
AMD Ryzen 7 7700X,AMD,,Ryzen 7 7700X,8,,,5.4,,
AMD Ryzen 9 9950X3D,AMD,,Ryzen 9 9950X3D,16,,,5.7,,
AMD Ryzen 5 5500,AMD,,Ryzen 5 5500,6,,,4.2,,
AMD Ryzen 7 9700X,AMD,,Ryzen 7 9700X,8,,,5.5,,
AMD Ryzen 5 5600X,AMD,,Ryzen 5 5600X,6,,,4.6,,
AMD Ryzen 5 5600,AMD,,Ryzen 5 5600,6,,,4.4,,
AMD Ryzen 7 5800X,AMD,,Ryzen 7 5800X,8,,,4.7,,
Intel Core i7-14700K,Intel,,Core i7-14700K,20,,,5.6,,
Intel Core i9-14900K,Intel,,Core i9-14900K,24,,,6.0,,
Intel Core i5-12400F,Intel,,Core i5-12400F,6,,,4.4,,
AMD Ryzen 5 3600,AMD,,Ryzen 5 3600,6,,,4.2,,
AMD Ryzen 5 7600,AMD,,Ryzen 5 7600,6,,,5.1,,
AMD Ryzen 7 5700X,AMD,,Ryzen 7 5700X,8,,,4.6,,
AMD Ryzen 9 7900X,AMD,,Ryzen 9 7900X,12,,,5.6,,
AMD Ryzen 9 9900X,AMD,,Ryzen 9 9900X,12,,,5.6,,
Intel Core i5-14600K,Intel,,Core i5-14600K,14,,,5.3,,
Intel Core Ultra 7 265K,Intel,,Core Ultra 7 265K,20,,,5.5,,
AMD Ryzen 7 5700X3D,AMD,,Ryzen 7 5700X3D,8,,,4.1,,
Intel Core i5-14400F,Intel,,Core i5-14400F,10,,,4.7,,
AMD Ryzen 9 9950X,AMD,,Ryzen 9 9950X,16,,,5.7,,
AMD Ryzen 5 7500F,AMD,,Ryzen 5 7500F,6,,,5.0,,
AMD Ryzen 7 5800XT,AMD,,Ryzen 7 5800XT,8,,,4.8,,
Intel Core Ultra 9 285K,Intel,,Core Ultra 9 285K,24,,,5.7,,
Intel Core i7-12700K,Intel,,Core i7-12700K,12,,,5.0,,
AMD Ryzen 5 7600X3D,AMD,,Ryzen 5 7600X3D,6,,,4.7,,
AMD Ryzen 5 5600G,AMD,,Ryzen 5 5600G,6,,,4.4,,
AMD Ryzen 7 7700,AMD,,Ryzen 7 7700,8,,,5.3,,
Intel Core i5-13400F,Intel,,Core i5-13400F,10,,,4.6,,
Intel Core i7-12700KF,Intel,,Core i7-12700KF,12,,,5.0,,
AMD Ryzen 9 5900X,AMD,,Ryzen 9 5900X,12,,,4.8,,
AMD Ryzen 7 3700X,AMD,,Ryzen 7 3700X,8,,,4.4,,
Intel Core i5-12600KF,Intel,,Core i5-12600KF,10,,,4.9,,
AMD Ryzen 5 8400F,AMD,,Ryzen 5 8400F,6,,,4.7,,
AMD Ryzen 5 8500G,AMD,,Ryzen 5 8500G,6,,,5.0,,
AMD Threadripper 3990X,AMD,,Threadripper 3990X,64,,,4.3,,
Intel Core i5-12600K,Intel,,Core i5-12600K,10,,,4.9,,
AMD Ryzen 7 5700G,AMD,,Ryzen 7 5700G,8,,,4.6,,
AMD Ryzen 9 5950X,AMD,,Ryzen 9 5950X,16,,,4.9,,
AMD Ryzen 7 5800X3D,AMD,,Ryzen 7 5800X3D,8,,,4.5,,
Intel Core i3-12100F,Intel,,Core i3-12100F,4,,,4.3,,
AMD Ryzen 9 7950X,AMD,,Ryzen 9 7950X,16,,,5.7,,
Intel Core i5-14600KF,Intel,,Core i5-14600KF,14,,,5.3,,
AMD Ryzen 5 4500,AMD,,Ryzen 5 4500,6,,,4.1,,
AMD Ryzen 5 8600G,AMD,,Ryzen 5 8600G,6,,,5.0,,
AMD Ryzen 7 5700,AMD,,Ryzen 7 5700,8,,,4.6,,
Intel Core i7-14700KF,Intel,,Core i7-14700KF,20,,,5.6,,
Intel Core i9-12900K,Intel,,Core i9-12900K,16,,,5.2,,
Intel Core Ultra 7 265KF,Intel,,Core Ultra 7 265KF,20,,,5.5,,
AMD Ryzen 9 9900X3D,AMD,,Ryzen 9 9900X3D,12,,,5.5,,
AMD Ryzen 9 7950X3D,AMD,,Ryzen 9 7950X3D,16,,,5.7,,
AMD Ryzen 7 8700G,AMD,,Ryzen 7 8700G,8,,,5.1,,
Intel Core i9-14900KF,Intel,,Core i9-14900KF,24,,,6.0,,
Intel Core i7-13700K,Intel,,Core i7-13700K,16,,,5.4,,
Intel Core i5-10400F,Intel,,Core i5-10400F,6,,,4.3,,
AMD Ryzen 7 8700F,AMD,,Ryzen 7 8700F,8,,,5.0,,
AMD Ryzen 5 2600,AMD,,Ryzen 5 2600,6,,,3.9,,
Intel Core i9-14900KS,Intel,,Core i9-14900KS,24,,,6.2,,
AMD Ryzen 5 5600GT,AMD,,Ryzen 5 5600GT,6,,,4.6,,
Intel Core i5-13600KF,Intel,,Core i5-13600KF,14,,,5.1,,
AMD Ryzen 9 5900XT,AMD,,Ryzen 9 5900XT,16,,,4.8,,
Intel Core i7-14700F,Intel,,Core i7-14700F,20,,,5.4,,
AMD Ryzen 9 7900,AMD,,Ryzen 9 7900,12,,,5.4,,
Intel Core i7-9700K,Intel,,Core i7-9700K,8,,,4.9,,
Intel Core i7-8700K,Intel,,Core i7-8700K,6,,,4.7,,
AMD Ryzen 3 3200G,AMD,,Ryzen 3 3200G,4,,,4.0,,
AMD Ryzen 5 3400G,AMD,,Ryzen 5 3400G,4,,,4.2,,
Intel Core i9-13900K,Intel,,Core i9-13900K,24,,,5.8,,
Intel Core i5-12400,Intel,,Core i5-12400,6,,,4.4,,
AMD Ryzen 5 3600X,AMD,,Ryzen 5 3600X,6,,,4.4,,
Intel Core i9-9900K,Intel,,Core i9-9900K,8,,,5.0,,
AMD Ryzen 7 2700X,AMD,,Ryzen 7 2700X,8,,,4.3,,
Intel Core i3-14100F,Intel,,Core i3-14100F,4,,,4.7,,
Intel Core i9-12900KF,Intel,,Core i9-12900KF,16,,,5.2,,
AMD Ryzen 5 5600XT,AMD,,Ryzen 5 5600XT,6,,,4.7,,
Intel Core i5-13600K,Intel,,Core i5-13600K,14,,,5.1,,
Intel Core i7-7700K,Intel,,Core i7-7700K,4,,,4.5,,
AMD Ryzen 3 4100,AMD,,Ryzen 3 4100,4,,,4.0,,
Intel Core Ultra 5 245K,Intel,,Core Ultra 5 245K,14,,,5.2,,
AMD Ryzen 3 3100,AMD,,Ryzen 3 3100,4,,,3.9,,
Intel Core i5-9400F,Intel,,Core i5-9400F,6,,,4.1,,
Intel Core i7-13700KF,Intel,,Core i7-13700KF,16,,,5.4,,
Intel Core i7-10700K,Intel,,Core i7-10700K,8,,,5.1,,
Intel Core i5-14400,Intel,,Core i5-14400,10,,,4.7,,
AMD Ryzen 9 3900X,AMD,,Ryzen 9 3900X,12,,,4.6,,
Intel Core i7-6700K,Intel,,Core i7-6700K,4,,,4.2,,
AMD Ryzen 9 7900X3D,AMD,,Ryzen 9 7900X3D,12,,,5.6,,
Intel Core i5-11400F,Intel,,Core i5-11400F,6,,,4.4,,
AMD Threadripper 3970X,AMD,,Threadripper 3970X,32,,,4.5,,
AMD Ryzen 7 3800X,AMD,,Ryzen 7 3800X,8,,,4.5,,
AMD Ryzen 5 2600X,AMD,,Ryzen 5 2600X,6,,,4.2,,
Intel Core i7-12700F,Intel,,Core i7-12700F,12,,,4.9,,
Intel Core i5-9600K,Intel,,Core i5-9600K,6,,,4.6,,
Intel Core Ultra 5 225F,Intel,,Core Ultra 5 225F,10,,,4.9,,
Intel Core i7-11700K,Intel,,Core i7-11700K,8,,,5.0,,
Intel Core i3-12100,Intel,,Core i3-12100,4,,,4.3,,
Intel Core i5-10400,Intel,,Core i5-10400,6,,,4.3,,
Intel Core i7-8700,Intel,,Core i7-8700,6,,,4.6,,
Intel Core i3-14100,Intel,,Core i3-14100,4,,,4.7,,
Intel Core i3-13100F,Intel,,Core i3-13100F,4,,,4.5,,
Intel Pentium E5700,Intel,,Pentium E5700,2,,,,,
Intel Core i9-10900K,Intel,,Core i9-10900K,10,,,5.3,,
Intel Core i5-13400,Intel,,Core i5-13400,10,,,4.6,,
Intel Core i7-7700,Intel,,Core i7-7700,4,,,4.2,,
Intel Core i7-13700F,Intel,,Core i7-13700F,16,,,5.2,,
Intel Core i5-6500,Intel,,Core i5-6500,4,,,3.6,,
AMD Ryzen 5 5500GT,AMD,,Ryzen 5 5500GT,6,,,4.4,,
Intel Core i9-13900KF,Intel,,Core i9-13900KF,24,,,5.8,,
AMD Ryzen 5 4600G,AMD,,Ryzen 5 4600G,6,,,4.2,,
AMD Ryzen 5 9600,AMD,,Ryzen 5 9600,6,,,5.2,,
Intel Core Ultra 5 235,Intel,,Core Ultra 5 235,14,,,5.0,,
Intel Core i7-4790K,Intel,,Core i7-4790K,4,,,4.4,,
Intel Core i5-8400,Intel,,Core i5-8400,6,,,4.0,,
Intel Core i7-6700,Intel,,Core i7-6700,4,,,4.0,,
Intel Core Ultra 5 225,Intel,,Core Ultra 5 225,10,,,4.9,,
AMD Ryzen 5 3500X,AMD,,Ryzen 5 3500X,6,,,4.1,,
Intel Core i7-14700,Intel,,Core i7-14700,20,,,5.4,,
AMD Ryzen 5 1600 (14nm),AMD,,Ryzen 5 1600 (14nm),6,,,3.6,,
Intel Core i9-11900K,Intel,,Core i9-11900K,8,,,5.3,,
Intel Core i7-10700F,Intel,,Core i7-10700F,8,,,4.8,,
Intel Core i3-10100F,Intel,,Core i3-10100F,4,,,4.3,,
Intel Core i7-11700F,Intel,,Core i7-11700F,8,,,4.9,,
Intel Core i5-13500,Intel,,Core i5-13500,14,,,4.8,,
Intel Pentium E2220,Intel,,Pentium E2220,2,,,,,
Intel Core i7-12700,Intel,,Core i7-12700,12,,,4.9,,
Intel Core i5-10600K,Intel,,Core i5-10600K,6,,,4.8,,
Intel Core i5-6600K,Intel,,Core i5-6600K,4,,,3.9,,
Intel Core Ultra 9 285,Intel,,Core Ultra 9 285,24,,,5.6,,
Intel Core i7-4770K,Intel,,Core i7-4770K,4,,,3.9,,
Intel Core i7-3770,Intel,,Core i7-3770,4,,,,,
Intel Core i7-10700,Intel,,Core i7-10700,8,,,4.8,,
AMD Ryzen 9 3950X,AMD,,Ryzen 9 3950X,16,,,4.7,,
Intel Core i3-6100,Intel,,Core i3-6100,2,,,,,
AMD Threadripper 3960X,AMD,,Threadripper 3960X,24,,,4.5,,
AMD Ryzen 7 2700,AMD,,Ryzen 7 2700,8,,,4.1,,
Intel Core i5-7500,Intel,,Core i5-7500,4,,,3.8,,
Intel Core i5-14500,Intel,,Core i5-14500,14,,,5.0,,
Intel Core i7-9700,Intel,,Core i7-9700,8,,,4.7,,
Intel Core Ultra 7 265,Intel,,Core Ultra 7 265,20,,,5.3,,
Intel Core i5-11400,Intel,,Core i5-11400,6,,,4.4,,
Intel Core i9-10850K,Intel,,Core i9-10850K,10,,,5.2,,
Intel Core i5-7400,Intel,,Core i5-7400,4,,,3.5,,
Intel Core i9-13900KS,Intel,,Core i9-13900KS,24,,,6.0,,
Intel Core Ultra 7 265F,Intel,,Core Ultra 7 265F,20,,,5.3,,
Intel Core i3-8100,Intel,,Core i3-8100,4,,,,,
Intel Core i7-4790,Intel,,Core i7-4790,4,,,4.0,,
Intel Xeon E5-2699 V4,Intel,,Xeon E5-2699 V4,22,,,3.6,,
Intel Core i5-4690K,Intel,,Core i5-4690K,4,,,3.9,,
Intel Xeon E5-2680 V4,Intel,,Xeon E5-2680 V4,14,,,3.3,,
Intel Core i9-12900KS,Intel,,Core i9-12900KS,16,,,5.5,,
AMD Ryzen 7 1700,AMD,,Ryzen 7 1700,8,,,3.7,,
Intel Core i5-8600K,Intel,,Core i5-8600K,6,,,4.3,,
Intel Core i3-10100,Intel,,Core i3-10100,4,,,4.3,,
Intel Pentium G640,Intel,,Pentium G640,2,,,,,
Intel Core i9-9900KF,Intel,,Core i9-9900KF,8,,,5.0,,
Intel Core i7-9700F,Intel,,Core i7-9700F,8,,,4.7,,
AMD EPYC 4564P,AMD,,EPYC 4564P,16,,,5.7,,
AMD Ryzen 3 2200G,AMD,,Ryzen 3 2200G,4,,,3.7,,
AMD Ryzen 5 2400G,AMD,,Ryzen 5 2400G,4,,,3.9,,
Intel Core i5-12500,Intel,,Core i5-12500,6,,,4.6,,
AMD Ryzen 5 5600X3D,AMD,,Ryzen 5 5600X3D,6,,,4.4,,
Intel Core i3-9100F,Intel,,Core i3-9100F,4,,,4.2,,
Intel Core i5-8500,Intel,,Core i5-8500,6,,,4.1,,
Intel Core i5-11600K,Intel,,Core i5-11600K,6,,,4.9,,
Intel Core i5-7500T,Intel,,Core i5-7500T,4,,,3.3,,
Intel Core i5-4590,Intel,,Core i5-4590,4,,,3.7,,
AMD Ryzen 5 1600 (12nm),AMD,,Ryzen 5 1600 (12nm),6,,,3.6,,
AMD Athlon 3000G (14nm),AMD,,Athlon 3000G (14nm),2,,,,,
Intel Core i7-10700KF,Intel,,Core i7-10700KF,8,,,5.1,,
Intel Core i7-3770K,Intel,,Core i7-3770K,4,,,,,
AMD Ryzen 9 3900XT,AMD,,Ryzen 9 3900XT,12,,,4.7,,
Intel Core i3-10105F,Intel,,Core i3-10105F,4,,,4.4,,
Intel Core i5-7600,Intel,,Core i5-7600,4,,,4.1,,
Intel Core i7-9700KF,Intel,,Core i7-9700KF,8,,,4.9,,
Intel Core i7-4770,Intel,,Core i7-4770,4,,,3.9,,
Intel Core i5-3470,Intel,,Core i5-3470,4,,,,,
AMD FX-8350,AMD,,FX-8350,8,,,,,
AMD Ryzen 5 1600X,AMD,,Ryzen 5 1600X,6,,,4.0,,
AMD 2650,AMD,,2650,2,,,,,
Intel Core i7-11700KF,Intel,,Core i7-11700KF,8,,,5.0,,
Intel Core i3-4150,Intel,,Core i3-4150,2,,,,,
Intel Core i7-11700,Intel,,Core i7-11700,8,,,4.9,,
Intel Core Ultra 5 245KF,Intel,,Core Ultra 5 245KF,14,,,5.2,,
Intel Core i7-6950X,Intel,,Core i7-6950X,10,,,3.5,,
Intel Core i5-7600K,Intel,,Core i5-7600K,4,,,4.2,,
AMD Ryzen 5 3500,AMD,,Ryzen 5 3500,6,,,4.1,,
Intel Core i3-13100,Intel,,Core i3-13100,4,,,4.5,,
Intel Core i9-11900KF,Intel,,Core i9-11900KF,8,,,5.3,,
AMD Ryzen 7 1700X,AMD,,Ryzen 7 1700X,8,,,3.8,,
AMD Ryzen 7 3800XT,AMD,,Ryzen 7 3800XT,8,,,4.7,,
Intel Core i7-13700,Intel,,Core i7-13700,16,,,5.2,,
AMD Ryzen 3 3300X,AMD,,Ryzen 3 3300X,4,,,4.3,,
Intel Core i9-14900F,Intel,,Core i9-14900F,24,,,5.8,,
AMD Ryzen 7 1800X,AMD,,Ryzen 7 1800X,8,,,4.0,,
AMD Ryzen 5 3600XT,AMD,,Ryzen 5 3600XT,6,,,4.5,,
Intel Core i5-4570,Intel,,Core i5-4570,4,,,,,
Intel Core i5-11600KF,Intel,,Core i5-11600KF,6,,,4.9,,
Intel Core i5-2400,Intel,,Core i5-2400,4,,,,,
Intel Core i5-9600KF,Intel,,Core i5-9600KF,6,,,4.6,,
Intel Core i5-9400,Intel,,Core i5-9400,6,,,4.1,,
Intel Core i3-10105,Intel,,Core i3-10105,4,,,4.4,,
Intel Core i5-4460,Intel,,Core i5-4460,4,,,3.4,,
AMD Ryzen 3 1200 (14nm),AMD,,Ryzen 3 1200 (14nm),4,,,3.4,,
Intel Core i5-10600KF,Intel,,Core i5-10600KF,6,,,4.8,,
AMD Ryzen 5 1400,AMD,,Ryzen 5 1400,4,,,3.4,,
Intel Core i5-6400,Intel,,Core i5-6400,4,,,3.3,,
Intel Core i7-6800K,Intel,,Core i7-6800K,6,,,3.6,,
Intel Core i5-4570T,Intel,,Core i5-4570T,2,,,,,
AMD Ryzen 5 5600T,AMD,,Ryzen 5 5600T,6,,,4.5,,
AMD Threadripper 2920X,AMD,,Threadripper 2920X,12,,,4.3,,
Intel Core i3-9100,Intel,,Core i3-9100,4,,,4.2,,
Intel Core i3-7100,Intel,,Core i3-7100,2,,,,,
Intel Core i9-10900KF,Intel,,Core i9-10900KF,10,,,5.3,,
Intel Xeon E5-2687W V4,Intel,,Xeon E5-2687W V4,12,,,3.5,,
AMD FX-6300,AMD,,FX-6300,6,,,,,
Intel Core i9-14900,Intel,,Core i9-14900,24,,,5.8,,
Intel Core i9-9900KS,Intel,,Core i9-9900KS,8,,,5.0,,
Intel Core i5-9500,Intel,,Core i5-9500,6,,,4.4,,
Intel Core i7-2600,Intel,,Core i7-2600,4,,,,,
AMD Ryzen 5 1500X,AMD,,Ryzen 5 1500X,4,,,3.7,,
Intel Core i5-10500,Intel,,Core i5-10500,6,,,4.5,,
Intel Core i9-10980XE,Intel,,Core i9-10980XE,18,,,4.8,,
Intel Core i9-7900X,Intel,,Core i9-7900X,10,,,4.5,,
Intel Core i5-3570K,Intel,,Core i5-3570K,4,,,,,
AMD Ryzen 9 PRO 7945,AMD,,Ryzen 9 PRO 7945,12,,,5.4,,
Intel Core i3-4130,Intel,,Core i3-4130,2,,,,,
Intel Core i5-4690,Intel,,Core i5-4690,4,,,3.9,,
AMD Threadripper 1950X,AMD,,Threadripper 1950X,16,,,4.0,,
Intel Core i7-5820K,Intel,,Core i7-5820K,6,,,3.6,,
Intel Core i5-6600,Intel,,Core i5-6600,4,,,3.9,,
Intel Celeron G6900,Intel,,Celeron G6900,2,,,,,
AMD EPYC 4244P,AMD,,EPYC 4244P,6,,,5.1,,
Intel Core i9-13900,Intel,,Core i9-13900,24,,,5.6,,
Intel Pentium Gold G7400,Intel,,Pentium Gold G7400,2,,,,,
Intel Core i9-9940X,Intel,,Core i9-9940X,14,,,4.4,,
AMD Athlon 200GE,AMD,,Athlon 200GE,2,,,,,
Intel Core i5-2500K,Intel,,Core i5-2500K,4,,,,,
AMD Threadripper 1920X,AMD,,Threadripper 1920X,12,,,4.0,,
Intel Core i5-8500T,Intel,,Core i5-8500T,6,,,3.5,,
Intel Core 2 Duo E8400,Intel,,Core 2 Duo E8400,2,,,,,
Intel Xeon E3-1220 V6,Intel,,Xeon E3-1220 V6,4,,,3.5,,
Intel Core i5-3570,Intel,,Core i5-3570,4,,,,,
Intel Pentium Gold G5420,Intel,,Pentium Gold G5420,2,,,,,
Intel Pentium G4400,Intel,,Pentium G4400,2,,,,,
Intel Core i5-12600,Intel,,Core i5-12600,6,,,4.8,,
Intel Celeron 420,Intel,,Celeron 420,1,,,,,
Intel Core i9-10900F,Intel,,Core i9-10900F,10,,,5.2,,
AMD A6-6400K,AMD,,A6-6400K,2,,,,,
Intel Core i9-10900,Intel,,Core i9-10900,10,,,5.2,,
Intel Celeron G5900,Intel,,Celeron G5900,2,,,,,
Intel Core i9-10900X,Intel,,Core i9-10900X,10,,,4.7,,
Intel Core i5-4670K,Intel,,Core i5-4670K,4,,,,,
AMD Threadripper 2970WX,AMD,,Threadripper 2970WX,24,,,4.2,,
Intel Core i9-9820X,Intel,,Core i9-9820X,10,,,4.1,,
Intel Core i5-13500T,Intel,,Core i5-13500T,14,,,4.6,,
Intel Core i9-13900F,Intel,,Core i9-13900F,24,,,5.6,,
Intel Xeon E5-1650 V4,Intel,,Xeon E5-1650 V4,6,,,4.0,,
Intel Core i5-11600,Intel,,Core i5-11600,6,,,4.8,,
Intel Core i7-8086K,Intel,,Core i7-8086K,6,,,5.0,,
AMD EPYC 4464P,AMD,,EPYC 4464P,12,,,5.4,,
Intel Xeon E5-2690 V2,Intel,,Xeon E5-2690 V2,10,,,3.6,,
Intel Core i7-2600K,Intel,,Core i7-2600K,4,,,,,
Intel Core i5-11500,Intel,,Core i5-11500,6,,,4.6,,
AMD FX-6350,AMD,,FX-6350,6,,,,,
Intel Core i9-9900,Intel,,Core i9-9900,8,,,5.0,,
Intel Core i9-11900F,Intel,,Core i9-11900F,8,,,5.2,,
Intel Core i7-6850K,Intel,,Core i7-6850K,6,,,3.8,,
AMD FX-9590,AMD,,FX-9590,8,,,5.0,,
Intel Core i9-12900F,Intel,,Core i9-12900F,16,,,5.1,,
Intel Celeron G5905,Intel,,Celeron G5905,2,,,,,
Intel Core i9-12900,Intel,,Core i9-12900,16,,,5.1,,
Intel Core i5-14500T,Intel,,Core i5-14500T,14,,,4.8,,
Intel Core i7-4770S,Intel,,Core i7-4770S,4,,,,,
Intel Core i7-4930K,Intel,,Core i7-4930K,6,,,3.9,,
Intel Core i5-8600,Intel,,Core i5-8600,6,,,4.3,,
Intel Core i5-4440,Intel,,Core i5-4440,4,,,3.3,,
AMD Athlon X2 340,AMD,,Athlon X2 340,2,,,,,
Intel Celeron G3930,Intel,,Celeron G3930,2,,,,,
Intel Pentium G4560,Intel,,Pentium G4560,2,,,,,
AMD FX-8320,AMD,,FX-8320,8,,,,,
Intel Core i3-530,Intel,,Core i3-530,2,,,,,
Intel Core i3-12100T,Intel,,Core i3-12100T,4,,,4.1,,
Intel Xeon E5-2650 V4,Intel,,Xeon E5-2650 V4,12,,,2.9,,
AMD Ryzen 3 1300X,AMD,,Ryzen 3 1300X,4,,,3.7,,
Intel Core i5-9600,Intel,,Core i5-9600,6,,,4.6,,
Intel Core i3-3220,Intel,,Core i3-3220,2,,,,,
Intel Core i5-10600,Intel,,Core i5-10600,6,,,4.8,,
Intel Pentium Gold G6600,Intel,,Pentium Gold G6600,2,,,,,
Intel Xeon E5-2698 V4,Intel,,Xeon E5-2698 V4,20,,,3.6,,
AMD Athlon II X2 240,AMD,,Athlon II X2 240,2,,,,,
Intel Core i9-10920X,Intel,,Core i9-10920X,12,,,4.8,,
Intel Core i7-2700K,Intel,,Core i7-2700K,4,,,,,
Intel Core i3-7100T,Intel,,Core i3-7100T,2,,,,,
Intel Core i9-9900K (Standard Folding Box),Intel,,Core i9-9900K (Standard Folding Box),8,,,5.0,,
Intel Core i7-7820X,Intel,,Core i7-7820X,8,,,4.5,,
Intel Xeon E5-2630 V4,Intel,,Xeon E5-2630 V4,10,,,3.1,,
Intel Core i9-13900T,Intel,,Core i9-13900T,24,,,5.3,,
AMD FX-8300,AMD,,FX-8300,8,,,,,
AMD A4-6300,AMD,,A4-6300,2,,,3.9,,
Intel Core i7-7800X,Intel,,Core i7-7800X,6,,,4.0,,
Intel Core i9-11900,Intel,,Core i9-11900,8,,,5.2,,
Intel Pentium Gold G6400,Intel,,Pentium Gold G6400,2,,,,,
Intel Xeon E5-2667 V3,Intel,,Xeon E5-2667 V3,8,,,3.6,,
Intel 300,Intel,,300,2,,,,,
Intel Xeon E5-4620,Intel,,Xeon E5-4620,8,,,2.6,,
Intel Core i7-5960X,Intel,,Core i7-5960X,8,,,3.5,,
AMD Threadripper 2990WX,AMD,,Threadripper 2990WX,32,,,4.2,,
Intel Core i3-2100,Intel,,Core i3-2100,2,,,,,
AMD Threadripper 2950X,AMD,,Threadripper 2950X,16,,,4.4,,
Intel Core i5-2500,Intel,,Core i5-2500,4,,,,,
Intel Celeron E3400,Intel,,Celeron E3400,2,,,,,
Intel Core i3-2120,Intel,,Core i3-2120,2,,,,,
Intel Core i3-4170,Intel,,Core i3-4170,2,,,,,
AMD EPYC 4344P,AMD,,EPYC 4344P,8,,,5.3,,
Intel Core i9-7920X,Intel,,Core i9-7920X,12,,,4.4,,
Intel Xeon E5-2620,Intel,,Xeon E5-2620,6,,,,,
Intel Core i9-9980XE,Intel,,Core i9-9980XE,18,,,4.4,,
AMD Ryzen 3 1200 (12nm),AMD,,Ryzen 3 1200 (12nm),4,,,3.4,,
Intel Core i5-4430,Intel,,Core i5-4430,4,,,,,
Intel Core i7-920,Intel,,Core i7-920,4,,,,,
Intel Core i7-4960X Extreme Edition,Intel,,Core i7-4960X Extreme Edition,6,,,4.0,,
Intel Core i5-4670,Intel,,Core i5-4670,4,,,,,
AMD Threadripper 1900X,AMD,,Threadripper 1900X,8,,,4.0,,
Intel Xeon E5-2630 V3,Intel,,Xeon E5-2630 V3,8,,,3.2,,
AMD A8-9600,AMD,,A8-9600,4,,,3.4,,
Intel Core i7-5930K,Intel,,Core i7-5930K,6,,,3.7,,
AMD FX-6100,AMD,,FX-6100,6,,,,,
Intel Core i7-13700T,Intel,,Core i7-13700T,16,,,4.9,,
Intel Core i5-750,Intel,,Core i5-750,4,,,,,
Intel Xeon E5-2697 V4,Intel,,Xeon E5-2697 V4,18,,,3.6,,
AMD Athlon II X4 640,AMD,,Athlon II X4 640,4,,,,,
AMD Ryzen 9 3900,AMD,,Ryzen 9 3900,12,,,,,
Intel Core i3-8350K,Intel,,Core i3-8350K,4,,,,,
Intel Core i5-3330,Intel,,Core i5-3330,4,,,,,
Intel Core i7-3930K,Intel,,Core i7-3930K,6,,,,,
AMD FX-4350,AMD,,FX-4350,4,,,,,
Intel Xeon E5-2697 V2,Intel,,Xeon E5-2697 V2,12,,,3.5,,
Intel Core i7-6900K,Intel,,Core i7-6900K,8,,,3.7,,
Intel Xeon E5-2683 V4,Intel,,Xeon E5-2683 V4,16,,,3.0,,
AMD EPYC 4364P,AMD,,EPYC 4364P,8,,,5.4,,
Intel Xeon E5-1620 V2,Intel,,Xeon E5-1620 V2,4,,,3.9,,
AMD Ryzen 5 PRO 7645,AMD,,Ryzen 5 PRO 7645,6,,,5.1,,
Intel Core i9-10940X,Intel,,Core i9-10940X,14,,,4.8,,
AMD FX-8370,AMD,,FX-8370,8,,,4.3,,
Intel Core i7-8700T,Intel,,Core i7-8700T,6,,,4.0,,
AMD A8-7600,AMD,,A8-7600,4,,,3.8,,
Intel Xeon E5-2690 V4,Intel,,Xeon E5-2690 V4,14,,,3.5,,
Intel Core i5-13600,Intel,,Core i5-13600,14,,,5.0,,
Intel Celeron G5925,Intel,,Celeron G5925,2,,,,,
AMD EPYC 4584PX,AMD,,EPYC 4584PX,16,,,5.7,,
Intel Core i7-860,Intel,,Core i7-860,4,,,,,
Intel Core i7-6700T,Intel,,Core i7-6700T,4,,,3.6,,
Intel Xeon E5-2670 V3,Intel,,Xeon E5-2670 V3,12,,,3.1,,
Intel Core i3-4160,Intel,,Core i3-4160,2,,,,,
Intel Xeon E5-2699 V3,Intel,,Xeon E5-2699 V3,18,,,3.6,,
Intel Pentium Gold G5400,Intel,,Pentium Gold G5400,2,,,,,
Intel Xeon E5-2680 V3,Intel,,Xeon E5-2680 V3,12,,,3.3,,
Intel Core i5-7400T,Intel,,Core i5-7400T,4,,,3.0,,
Intel Core i7-7740X,Intel,,Core i7-7740X,4,,,4.5,,
AMD Ryzen 7 PRO 7745,AMD,,Ryzen 7 PRO 7745,8,,,5.3,,
Intel Core i9-7980XE,Intel,,Core i9-7980XE,18,,,4.4,,
Intel Core i7-990X Extreme Edition,Intel,,Core i7-990X Extreme Edition,6,,,,,
Intel Core i7-3820,Intel,,Core i7-3820,4,,,,,
Intel Core i5-3450,Intel,,Core i5-3450,4,,,,,
Intel Xeon E5-2650,Intel,,Xeon E5-2650,8,,,2.8,,
AMD FX-4300,AMD,,FX-4300,4,,,,,
Intel Xeon E5-1630 V4,Intel,,Xeon E5-1630 V4,4,,,4.0,,
Intel Core 2 Quad Q9300,Intel,,Core 2 Quad Q9300,4,,,,,
Intel Core i3-3240,Intel,,Core i3-3240,2,,,,,
AMD A10-7700K,AMD,,A10-7700K,4,,,3.8,,
AMD Phenom II X6 1090T Black,AMD,,Phenom II X6 1090T Black,6,,,,,
Intel Core i7-980X Extreme Edition,Intel,,Core i7-980X Extreme Edition,6,,,,,
Intel Core 2 Quad Q6600,Intel,,Core 2 Quad Q6600,4,,,,,
Intel Xeon E5-1620 V3,Intel,,Xeon E5-1620 V3,4,,,3.6,,
Intel Core i7-4820K,Intel,,Core i7-4820K,4,,,3.9,,
Intel Xeon E5-2660 V3,Intel,,Xeon E5-2660 V3,10,,,3.3,,
Intel Core i9-7960X,Intel,,Core i9-7960X,16,,,4.4,,
AMD FX-6120,AMD,,FX-6120,6,,,4.1,,
Intel Xeon E3-1230 V2,Intel,,Xeon E3-1230 V2,4,,,,,
Intel Core i7-9800X,Intel,,Core i7-9800X,8,,,4.5,,
Intel Core i5-9500F,Intel,,Core i5-9500F,6,,,4.4,,
Intel Core i5-8400T,Intel,,Core i5-8400T,6,,,3.3,,
Intel Xeon E3-1231 V3,Intel,,Xeon E3-1231 V3,4,,,3.8,,
Intel Core i7-3770S,Intel,,Core i7-3770S,4,,,,,
Intel Xeon E5-2680,Intel,,Xeon E5-2680,8,,,3.5,,
Intel Core i5-9500T,Intel,,Core i5-9500T,6,,,3.7,,
Intel Core i3-10100T,Intel,,Core i3-10100T,4,,,3.8,,
Intel Core i7-7700T,Intel,,Core i7-7700T,4,,,3.8,,
Intel Core i3-13100T,Intel,,Core i3-13100T,4,,,4.2,,
AMD A8-6600K,AMD,,A8-6600K,4,,,,,
Intel Pentium G3258,Intel,,Pentium G3258,2,,,,,
Intel Core i5-650,Intel,,Core i5-650,2,,,,,
Intel Core i7-5775C,Intel,,Core i7-5775C,4,,,3.7,,
AMD 5350,AMD,,5350,4,,,,,
Intel Core 2 Quad Q9650,Intel,,Core 2 Quad Q9650,4,,,,,
AMD Phenom II X6 1100T Black,AMD,,Phenom II X6 1100T Black,6,,,,,
Intel Core i7-4790S,Intel,,Core i7-4790S,4,,,4.0,,
AMD A10-7850K,AMD,,A10-7850K,4,,,4.0,,
Intel Celeron G3900,Intel,,Celeron G3900,2,,,,,
AMD Athlon II 160u,AMD,,Athlon II 160u,1,,,,,
Intel Xeon E5-2697 V3,Intel,,Xeon E5-2697 V3,14,,,3.6,,
Intel Xeon E3-1270 V3,Intel,,Xeon E3-1270 V3,4,,,3.9,,
Intel Core i5-6402P,Intel,,Core i5-6402P,4,,,3.4,,
Intel Core 2 Quad Q9550,Intel,,Core 2 Quad Q9550,4,,,,,
Intel Core 2 Duo E7500,Intel,,Core 2 Duo E7500,2,,,,,
Intel Core i7-950,Intel,,Core i7-950,4,,,,,
AMD A10-6800K,AMD,,A10-6800K,4,,,,,
Intel Xeon E5-2695 V4,Intel,,Xeon E5-2695 V4,18,,,3.3,,
Intel Core i7-3970X Extreme Edition,Intel,,Core i7-3970X Extreme Edition,6,,,,,
AMD A10-9700,AMD,,A10-9700,4,,,3.8,,
Intel Core i5-4570S,Intel,,Core i5-4570S,4,,,,,
AMD A8-7680,AMD,,A8-7680,4,,,3.8,,
Intel Core i3-10300,Intel,,Core i3-10300,4,,,4.4,,
Intel Core i9-9900X,Intel,,Core i9-9900X,10,,,4.4,,
AMD Phenom II X4 820,AMD,,Phenom II X4 820,4,,,,,
AMD Phenom II X4 965 Black,AMD,,Phenom II X4 965 Black,4,,,,,
Intel Core 2 Extreme QX9770,Intel,,Core 2 Extreme QX9770,4,,,,,
Intel Core i5-6500T,Intel,,Core i5-6500T,4,,,3.1,,
Intel Core i7-870,Intel,,Core i7-870,4,,,,,
Intel Core i3-6300,Intel,,Core i3-6300,2,,,,,
Intel Xeon E5-2640 V4,Intel,,Xeon E5-2640 V4,10,,,3.4,,
Intel Core i7-3960X Extreme Edition,Intel,,Core i7-3960X Extreme Edition,6,,,,,
Intel Xeon E5-2680 V2,Intel,,Xeon E5-2680 V2,10,,,3.6,,
AMD A10-7800,AMD,,A10-7800,4,,,3.9,,
Intel Core i7-10700K Avengers Collector's Edition,Intel,,Core i7-10700K Avengers Collector's Edition,8,,,5.1,,
Intel Core i5-3550,Intel,,Core i5-3550,4,,,,,
Intel Core i3-7350K,Intel,,Core i3-7350K,2,,,,,
Intel Xeon E5-2630,Intel,,Xeon E5-2630,6,,,,,
AMD Athlon X4 860K,AMD,,Athlon X4 860K,4,,,4.0,,
Intel Pentium G4600,Intel,,Pentium G4600,2,,,,,
Intel Xeon E-2288G,Intel,,Xeon E-2288G,8,,,5.0,,
Intel Xeon E5-2695 V3,Intel,,Xeon E5-2695 V3,14,,,3.3,,
Intel Pentium Gold G6405,Intel,,Pentium Gold G6405,2,,,,,
Intel Core i5-2320,Intel,,Core i5-2320,4,,,,,
Intel Core i5-4590S,Intel,,Core i5-4590S,4,,,3.7,,
Intel Core i3-9100T,Intel,,Core i3-9100T,4,,,3.7,,
Intel Core i5-760,Intel,,Core i5-760,4,,,,,
Intel Pentium G645,Intel,,Pentium G645,2,,,,,
Intel Xeon E3-1240 V2,Intel,,Xeon E3-1240 V2,4,,,,,
Intel Core i3-7320,Intel,,Core i3-7320,2,,,,,
Intel Xeon E5-1620 V4,Intel,,Xeon E5-1620 V4,4,,,3.8,,
Intel Core i3-10320,Intel,,Core i3-10320,4,,,4.6,,
AMD FX-4100,AMD,,FX-4100,4,,,,,
Intel Xeon E3-1240L V5,Intel,,Xeon E3-1240L V5,4,,,3.2,,
Intel Xeon E3-1245 V6,Intel,,Xeon E3-1245 V6,4,,,4.1,,
Intel Xeon E5-1660 V3,Intel,,Xeon E5-1660 V3,8,,,3.5,,
Intel Core i3-2120T,Intel,,Core i3-2120T,2,,,,,
Intel Core i7-4771,Intel,,Core i7-4771,4,,,3.9,,
AMD A8-7650K,AMD,,A8-7650K,4,,,3.7,,
Intel Core i9-9900T,Intel,,Core i9-9900T,8,,,4.4,,
Intel Core i5-3470S,Intel,,Core i5-3470S,4,,,,,
Intel Core i9-10850KA Avengers Limited Edition,Intel,,Core i9-10850KA Avengers Limited Edition,10,,,5.2,,
AMD FX-8320E,AMD,,FX-8320E,8,,,4.0,,
Intel Xeon E5-1650 V3,Intel,,Xeon E5-1650 V3,6,,,3.8,,
Intel Celeron G4900,Intel,,Celeron G4900,2,,,,,
Intel Xeon E-2286G,Intel,,Xeon E-2286G,6,,,4.9,,
Intel Core i7-960,Intel,,Core i7-960,4,,,,,
Intel Xeon E3-1230 V3,Intel,,Xeon E3-1230 V3,4,,,3.7,,
Intel Xeon E3-1241 V3,Intel,,Xeon E3-1241 V3,4,,,3.9,,
Intel Core i9-9960X,Intel,,Core i9-9960X,16,,,4.4,,
AMD Phenom II X6 1055T,AMD,,Phenom II X6 1055T,6,,,,,
Intel Pentium G3220,Intel,,Pentium G3220,2,,,,,
AMD A6-7400K,AMD,,A6-7400K,2,,,3.9,,
Intel Core i7-2600S,Intel,,Core i7-2600S,4,,,,,
Intel Celeron 440,Intel,,Celeron 440,1,,,,,
Intel Core i3-3250,Intel,,Core i3-3250,2,,,,,
Intel Xeon E5-2620 V3,Intel,,Xeon E5-2620 V3,6,,,3.2,,
Intel Xeon E5-2630 V2,Intel,,Xeon E5-2630 V2,6,,,3.1,,
Intel Xeon E5-2660 V4,Intel,,Xeon E5-2660 V4,14,,,3.2,,
Intel Pentium G2020,Intel,,Pentium G2020,2,,,,,
Intel Core i5-3350P,Intel,,Core i5-3350P,4,,,,,
Intel Xeon E5-2667 V2,Intel,,Xeon E5-2667 V2,8,,,4.0,,
Intel Core 2 Extreme QX9775,Intel,,Core 2 Extreme QX9775,4,,,,,
AMD A10-6700,AMD,,A10-6700,4,,,,,
AMD Athlon 220GE,AMD,,Athlon 220GE,2,,,,,
Intel Core i3-9350KF,Intel,,Core i3-9350KF,4,,,4.6,,
Intel Core i5-2400S,Intel,,Core i5-2400S,4,,,,,
Intel Xeon E3-1275 V2,Intel,,Xeon E3-1275 V2,4,,,,,
Intel Pentium G2030,Intel,,Pentium G2030,2,,,,,
Intel Xeon E5-2670,Intel,,Xeon E5-2670,8,,,3.3,,
Intel Xeon E5-2650 V3,Intel,,Xeon E5-2650 V3,10,,,3.0,,
AMD Phenom II X4 955 Black,AMD,,Phenom II X4 955 Black,4,,,,,
AMD A10-5800K,AMD,,A10-5800K,4,,,,,
Intel Xeon E5-2650L V2,Intel,,Xeon E5-2650L V2,10,,,2.1,,
Intel Xeon E5-2640 V3,Intel,,Xeon E5-2640 V3,8,,,3.4,,
Intel Core i5-7640X,Intel,,Core i5-7640X,4,,,4.2,,
AMD A6-9500,AMD,,A6-9500,2,,,3.8,,
Intel Xeon E5-1680 V3,Intel,,Xeon E5-1680 V3,8,,,3.8,,
AMD A12-9800E,AMD,,A12-9800E,4,,,3.8,,
Intel Core i3-9300,Intel,,Core i3-9300,4,,,4.3,,
Intel Core i3-540,Intel,,Core i3-540,2,,,,,
AMD Athlon II X2 250,AMD,,Athlon II X2 250,2,,,,,
Intel Core i5-2300,Intel,,Core i5-2300,4,,,,,
AMD A6-3670K,AMD,,A6-3670K,4,,,,,
Intel Xeon E3-1240 V3,Intel,,Xeon E3-1240 V3,4,,,3.8,,
Intel Xeon E5-2695 V2,Intel,,Xeon E5-2695 V2,12,,,3.2,,
Intel Xeon E3-1270 V5,Intel,,Xeon E3-1270 V5,4,,,4.0,,
AMD A10-7890K,AMD,,A10-7890K,4,,,4.3,,
Intel Core i5-4460S,Intel,,Core i5-4460S,4,,,3.4,,
Intel Core i3-8300,Intel,,Core i3-8300,4,,,,,
Intel Core i3-8100T,Intel,,Core i3-8100T,4,,,,,
Intel Core i7-9700T,Intel,,Core i7-9700T,8,,,4.3,,
Intel Pentium G630,Intel,,Pentium G630,2,,,,,
Intel Xeon E5-2650L,Intel,,Xeon E5-2650L,8,,,2.3,,
Intel Core i5-2310,Intel,,Core i5-2310,4,,,,,
AMD FX-9370,AMD,,FX-9370,8,,,4.7,,
Intel Xeon E5-2650 V2,Intel,,Xeon E5-2650 V2,8,,,3.4,,
Intel Xeon E-2236,Intel,,Xeon E-2236,6,,,4.8,,
AMD A10-7870K,AMD,,A10-7870K,4,,,4.1,,
Intel Core i7-4790T,Intel,,Core i7-4790T,4,,,3.9,,
AMD A12-9800,AMD,,A12-9800,4,,,4.2,,
Intel Core 2 Quad Q8400,Intel,,Core 2 Quad Q8400,4,,,,,
AMD FX-8120,AMD,,FX-8120,8,,,,,
Intel Xeon E3-1270 V2,Intel,,Xeon E3-1270 V2,4,,,,,
AMD Opteron 6378,AMD,,Opteron 6378,16,,,3.3,,
AMD Athlon X4 950,AMD,,Athlon X4 950,4,,,3.8,,
Intel Celeron 430,Intel,,Celeron 430,1,,,,,
Intel Xeon E5-1650 V2,Intel,,Xeon E5-1650 V2,6,,,3.9,,
Intel Core i7-880,Intel,,Core i7-880,4,,,,,
Intel Core i5-3340,Intel,,Core i5-3340,4,,,3.3,,
Intel Xeon E5-2690 V3,Intel,,Xeon E5-2690 V3,12,,,3.5,,
Intel Xeon E5-2650L V4,Intel,,Xeon E5-2650L V4,14,,,2.5,,
Intel Core i5-4590T,Intel,,Core i5-4590T,4,,,,,
Intel Pentium Gold G5400T,Intel,,Pentium Gold G5400T,2,,,,,
Intel Xeon E5-2698 V3,Intel,,Xeon E5-2698 V3,16,,,3.6,,
AMD A6-9500E,AMD,,A6-9500E,2,,,3.4,,
Intel Core 2 Duo E4300,Intel,,Core 2 Duo E4300,2,,,,,
Intel Core 2 Duo E8600,Intel,,Core 2 Duo E8600,2,,,,,
AMD Sempron 140,AMD,,Sempron 140,1,,,,,
AMD FX-8150,AMD,,FX-8150,8,,,,,
Intel Xeon E3-1220 V2,Intel,,Xeon E3-1220 V2,4,,,,,
Intel Core i3-4330,Intel,,Core i3-4330,2,,,,,
Intel Xeon E3-1245 V3,Intel,,Xeon E3-1245 V3,4,,,3.8,,
Intel Xeon E5-2687W V3,Intel,,Xeon E5-2687W V3,10,,,3.5,,
Intel Core i3-6100T,Intel,,Core i3-6100T,2,,,,,
Intel Xeon E5-2620 V4,Intel,,Xeon E5-2620 V4,8,,,3.0,,
Intel Core i9-7940X,Intel,,Core i9-7940X,14,,,4.4,,
Intel Xeon E3-1220 V3,Intel,,Xeon E3-1220 V3,4,,,3.5,,
AMD Athlon II X4 635,AMD,,Athlon II X4 635,4,,,,,
Intel Core i7-980,Intel,,Core i7-980,6,,,,,
Intel Pentium E2160,Intel,,Pentium E2160,2,,,,,
Intel Core i5-3450S,Intel,,Core i5-3450S,4,,,,,
AMD Phenom II X4 945,AMD,,Phenom II X4 945,4,,,,,
Intel Pentium E5300,Intel,,Pentium E5300,2,,,,,
Intel Core i7-930,Intel,,Core i7-930,4,,,,,
AMD A8-5500,AMD,,A8-5500,4,,,,,
AMD Athlon X2 370K,AMD,,Athlon X2 370K,2,,,,,
Intel Xeon E3-1271 V3,Intel,,Xeon E3-1271 V3,4,,,4.0,,
Intel Xeon E5-1650,Intel,,Xeon E5-1650,6,,,3.8,,
Intel Xeon E5-2637 V3,Intel,,Xeon E5-2637 V3,4,,,3.7,,
Intel Core i5-6400T,Intel,,Core i5-6400T,4,,,2.8,,
Intel Xeon E3-1230 V6,Intel,,Xeon E3-1230 V6,4,,,3.9,,
Intel Core i7-875K,Intel,,Core i7-875K,4,,,,,
AMD Phenom II X4 955,AMD,,Phenom II X4 955,4,,,,,
Intel Celeron G440,Intel,,Celeron G440,1,,,,,
AMD A8-5600K,AMD,,A8-5600K,4,,,,,
AMD A6-5400K,AMD,,A6-5400K,2,,,,,
Intel Core i3-3210,Intel,,Core i3-3210,2,,,,,
Intel Xeon E5-2670 V2,Intel,,Xeon E5-2670 V2,10,,,3.3,,
Intel Core i5-4440S,Intel,,Core i5-4440S,4,,,3.3,,
AMD 3850,AMD,,3850,4,,,,,
Intel Xeon E-2278G,Intel,,Xeon E-2278G,8,,,5.0,,
Intel Core 2 Quad Q9550S,Intel,,Core 2 Quad Q9550S,4,,,,,
Intel Core i3-2100T,Intel,,Core i3-2100T,2,,,,,
Intel Xeon E5-2603 V3,Intel,,Xeon E5-2603 V3,6,,,,,
Intel Xeon E5-2609 V4,Intel,,Xeon E5-2609 V4,8,,,,,
Intel Core i3-550,Intel,,Core i3-550,2,,,,,
AMD Phenom II X6 1075T,AMD,,Phenom II X6 1075T,6,,,,,
AMD Phenom II X4 940 Black,AMD,,Phenom II X4 940 Black,4,,,,,
Intel Pentium E5800,Intel,,Pentium E5800,2,,,,,
Intel Core i3-2130,Intel,,Core i3-2130,2,,,,,
Intel Pentium G3240,Intel,,Pentium G3240,2,,,,,
AMD A4-7300,AMD,,A4-7300,2,,,4.0,,
Intel Xeon E3-1240 V5,Intel,,Xeon E3-1240 V5,4,,,3.9,,
AMD A10-7860k,AMD,,A10-7860k,4,,,4.0,,
Intel Core i3-6098P,Intel,,Core i3-6098P,2,,,,,
Intel Xeon E3-1285 V6,Intel,,Xeon E3-1285 V6,4,,,4.5,,
Intel Xeon E5-4650,Intel,,Xeon E5-4650,8,,,3.3,,
AMD Athlon II X4 620,AMD,,Athlon II X4 620,4,,,,,
Intel Xeon E3-1245 V2,Intel,,Xeon E3-1245 V2,4,,,,,
Intel Xeon E5-2687W V2,Intel,,Xeon E5-2687W V2,8,,,4.0,,
Intel Core i5-5675C,Intel,,Core i5-5675C,4,,,3.6,,
Intel Pentium E2140,Intel,,Pentium E2140,2,,,,,
Intel Core i5-4690S,Intel,,Core i5-4690S,4,,,3.9,,
Intel Pentium G3250,Intel,,Pentium G3250,2,,,,,
Intel Core i5-6600T,Intel,,Core i5-6600T,4,,,3.5,,
Intel Xeon E3-1245 V5,Intel,,Xeon E3-1245 V5,4,,,3.9,,
Intel Pentium G3260,Intel,,Pentium G3260,2,,,,,
Intel Xeon E-2176G,Intel,,Xeon E-2176G,6,,,4.7,,
Intel Core 2 Duo E6400,Intel,,Core 2 Duo E6400,2,,,,,
Intel Core i7-940,Intel,,Core i7-940,4,,,,,
AMD Athlon II X4 630,AMD,,Athlon II X4 630,4,,,,,
Intel Celeron G530,Intel,,Celeron G530,2,,,,,
Intel Celeron G1610,Intel,,Celeron G1610,2,,,,,
Intel Celeron G4930,Intel,,Celeron G4930,2,,,,,
Intel Core 2 Quad Q8200,Intel,,Core 2 Quad Q8200,4,,,,,
AMD Athlon II X2 270,AMD,,Athlon II X2 270,2,,,,,
Intel Pentium G640T,Intel,,Pentium G640T,2,,,,,
AMD A4-5300,AMD,,A4-5300,2,,,,,
AMD A8-6500,AMD,,A8-6500,4,,,,,
AMD A10-5700,AMD,,A10-5700,4,,,,,
Intel Celeron G4920,Intel,,Celeron G4920,2,,,,,
Intel Core 2 Quad Q9400,Intel,,Core 2 Quad Q9400,4,,,,,
AMD Phenom II X4 970 Black,AMD,,Phenom II X4 970 Black,4,,,,,
AMD Phenom II X4 980 Black,AMD,,Phenom II X4 980 Black,4,,,,,
Intel Pentium G620,Intel,,Pentium G620,2,,,,,
AMD Phenom II X6 1045T,AMD,,Phenom II X6 1045T,6,,,,,
AMD A4-4000,AMD,,A4-4000,2,,,,,
AMD Athlon X4 750K,AMD,,Athlon X4 750K,4,,,,,
Intel Pentium G3420,Intel,,Pentium G3420,2,,,,,
Intel Core i3-4160T,Intel,,Core i3-4160T,2,,,,,
AMD FX-8310,AMD,,FX-8310,8,,,4.3,,
Intel Xeon E3-1230 V5,Intel,,Xeon E3-1230 V5,4,,,3.8,,
Intel Core i5-3570S,Intel,,Core i5-3570S,4,,,3.8,,
Intel Core i5-8600T,Intel,,Core i5-8600T,6,,,3.7,,
Intel Xeon E-2136,Intel,,Xeon E-2136,6,,,4.5,,
Intel Celeron G3920,Intel,,Celeron G3920,2,,,,,
Intel Core i3-3245,Intel,,Core i3-3245,2,,,,,
Intel Xeon E5-2630L V3,Intel,,Xeon E5-2630L V3,8,,,2.9,,
AMD A10-9700E,AMD,,A10-9700E,4,,,3.5,,
Intel Xeon E-2274G,Intel,,Xeon E-2274G,4,,,4.9,,
Intel Core 2 Duo E4600,Intel,,Core 2 Duo E4600,2,,,,,
Intel Core 2 Duo E8500,Intel,,Core 2 Duo E8500,2,,,,,
Intel Core i7-970,Intel,,Core i7-970,6,,,,,
AMD Phenom II X4 965,AMD,,Phenom II X4 965,4,,,,,
Intel Pentium G2120,Intel,,Pentium G2120,2,,,,,
Intel Core i3-3225,Intel,,Core i3-3225,2,,,,,
Intel Core i3-4130T,Intel,,Core i3-4130T,2,,,,,
Intel Xeon E5-2687W,Intel,,Xeon E5-2687W,8,,,3.8,,
AMD FX-8370E,AMD,,FX-8370E,8,,,4.3,,
Intel Xeon E3-1265L V3,Intel,,Xeon E3-1265L V3,4,,,3.7,,
Intel Xeon E3-1280 V6,Intel,,Xeon E3-1280 V6,4,,,4.2,,
Intel Core i3-8300T,Intel,,Core i3-8300T,4,,,,,
Intel Pentium Gold G5500,Intel,,Pentium Gold G5500,2,,,,,
Intel Core i5-3330S,Intel,,Core i5-3330S,4,,,3.2,,
Intel Core i5-9400T,Intel,,Core i5-9400T,6,,,3.4,,
Intel Pentium Gold G6605,Intel,,Pentium Gold G6605,2,,,,,
Intel Core i3-4340,Intel,,Core i3-4340,2,,,,,
Intel Celeron G3930T,Intel,,Celeron G3930T,2,,,,,
AMD Phenom II X4 925,AMD,,Phenom II X4 925,4,,,,,
Intel Pentium E6600,Intel,,Pentium E6600,2,,,,,
Intel Core 2 Duo E6700,Intel,,Core 2 Duo E6700,2,,,,,
Intel Core 2 Duo E7200,Intel,,Core 2 Duo E7200,2,,,,,
Intel Core 2 Quad Q6700,Intel,,Core 2 Quad Q6700,4,,,,,
Intel Core 2 Quad Q8300,Intel,,Core 2 Quad Q8300,4,,,,,
Intel Core 2 Extreme QX9650,Intel,,Core 2 Extreme QX9650,4,,,,,
AMD FX-8100,AMD,,FX-8100,8,,,,,
Intel Core i5-2550K,Intel,,Core i5-2550K,4,,,,,
AMD FX-6200,AMD,,FX-6200,6,,,,,
Intel Celeron G1840,Intel,,Celeron G1840,2,,,,,
Intel Core i3-4370,Intel,,Core i3-4370,2,,,,,
Intel Xeon E3-1276 V3,Intel,,Xeon E3-1276 V3,4,,,4.0,,
Intel Xeon E3-1246 V3,Intel,,Xeon E3-1246 V3,4,,,3.9,,
Intel Xeon E5-1620,Intel,,Xeon E5-1620,4,,,3.8,,
Intel Xeon E5-2643 V3,Intel,,Xeon E5-2643 V3,6,,,3.7,,
Intel Core i7-4770T,Intel,,Core i7-4770T,4,,,,,
AMD Opteron 6320,AMD,,Opteron 6320,8,,,3.3,,
Intel Xeon E5-2603 V4,Intel,,Xeon E5-2603 V4,6,,,,,
Intel Core i3-7300,Intel,,Core i3-7300,2,,,,,
Intel Xeon E5-2643 V4,Intel,,Xeon E5-2643 V4,6,,,3.7,,
AMD Athlon X4 970,AMD,,Athlon X4 970,4,,,4.0,,
Intel Core i9-9920X,Intel,,Core i9-9920X,12,,,4.4,,
Intel Core i3-10325,Intel,,Core i3-10325,4,,,4.7,,
AMD EPYC 4484PX,AMD,,EPYC 4484PX,12,,,5.6,,
Intel Pentium Gold G5600,Intel,,Pentium Gold G5600,2,,,,,
Intel Celeron G5920,Intel,,Celeron G5920,2,,,,,
Intel Xeon E5-1660 V2,Intel,,Xeon E5-1660 V2,6,,,4.0,,
AMD Phenom II X2 555 Black,AMD,,Phenom II X2 555 Black,2,,,,,
Intel Pentium E5200,Intel,,Pentium E5200,2,,,,,
Intel Core 2 Duo E6320,Intel,,Core 2 Duo E6320,2,,,,,
Intel Core 2 Duo E7400,Intel,,Core 2 Duo E7400,2,,,,,
Intel Pentium G6950,Intel,,Pentium G6950,2,,,,,
Intel Pentium E5500,Intel,,Pentium E5500,2,,,,,
AMD Phenom II X4 840,AMD,,Phenom II X4 840,4,,,,,
AMD A8-3850,AMD,,A8-3850,4,,,,,
Intel Core i5-2405S,Intel,,Core i5-2405S,4,,,,,
AMD A8-3870K,AMD,,A8-3870K,4,,,,,
AMD A4-3300,AMD,,A4-3300,2,,,,,
AMD Athlon X4 760K,AMD,,Athlon X4 760K,4,,,4.1,,
Intel Xeon E3-1225 V3,Intel,,Xeon E3-1225 V3,4,,,3.6,,
Intel Xeon E3-1275 V3,Intel,,Xeon E3-1275 V3,4,,,3.9,,
Intel Celeron G1820,Intel,,Celeron G1820,2,,,,,
Intel Xeon E5-2690,Intel,,Xeon E5-2690,8,,,3.8,,
Intel Xeon E5-2640 V2,Intel,,Xeon E5-2640 V2,8,,,2.5,,
Intel Xeon E5-2660 V2,Intel,,Xeon E5-2660 V2,10,,,3.0,,
Intel Core i3-4360,Intel,,Core i3-4360,2,,,,,
AMD Sempron 150,AMD,,Sempron 150,1,,,,,
Intel Xeon E5-1630 V3,Intel,,Xeon E5-1630 V3,4,,,3.8,,
Intel Core i7-3770T,Intel,,Core i7-3770T,4,,,3.7,,
Intel Pentium G3470,Intel,,Pentium G3470,2,,,,,
Intel Xeon E3-1220 V5,Intel,,Xeon E3-1220 V5,4,,,3.5,,
Intel Xeon E3-1260L V5,Intel,,Xeon E3-1260L V5,4,,,3.9,,
Intel Xeon E3-1225 V5,Intel,,Xeon E3-1225 V5,4,,,3.7,,
Intel Xeon E3-1235L V5,Intel,,Xeon E3-1235L V5,4,,,3.0,,
Intel Xeon E3-1270 V6,Intel,,Xeon E3-1270 V6,4,,,4.2,,
Intel Xeon E-2174G,Intel,,Xeon E-2174G,4,,,4.7,,
Intel Xeon E-2246G,Intel,,Xeon E-2246G,6,,,4.8,,
AMD Phenom II X4 830,AMD,,Phenom II X4 830,4,,,,,
AMD Phenom II X4 975,AMD,,Phenom II X4 975,4,,,,,
Intel Pentium G870,Intel,,Pentium G870,2,,,,,
AMD A4-6300B,AMD,,A4-6300B,2,,,3.9,,
Intel Core i3-6300T,Intel,,Core i3-6300T,2,,,,,
AMD Athlon II X2 250u,AMD,,Athlon II X2 250u,2,,,,,
AMD Phenom II X4 905e,AMD,,Phenom II X4 905e,4,,,,,
Intel Pentium E5400,Intel,,Pentium E5400,2,,,,,
Intel Core 2 Duo E6550,Intel,,Core 2 Duo E6550,2,,,,,
Intel Core i5-680,Intel,,Core i5-680,2,,,,,
Intel Core i7-965 Extreme Edition,Intel,,Core i7-965 Extreme Edition,4,,,,,
Intel Core i7-975 Extreme Edition,Intel,,Core i7-975 Extreme Edition,4,,,,,
Intel Core 2 Extreme QX6700,Intel,,Core 2 Extreme QX6700,4,,,,,
Intel Pentium G850,Intel,,Pentium G850,2,,,,,
AMD Athlon II X4 631,AMD,,Athlon II X4 631,4,,,,,
Intel Core i3-3220T,Intel,,Core i3-3220T,2,,,,,
Intel Xeon E3-1225,Intel,,Xeon E3-1225,4,,,,,
Intel Xeon E3-1275,Intel,,Xeon E3-1275,4,,,,,
Intel Xeon E3-1225 V2,Intel,,Xeon E3-1225 V2,4,,,,,
AMD FX-4130,AMD,,FX-4130,4,,,,,
AMD 5150,AMD,,5150,4,,,,,
Intel Core i3-4350,Intel,,Core i3-4350,2,,,,,
Intel Celeron G470,Intel,,Celeron G470,1,,,,,
AMD E2-3200,AMD,,E2-3200,2,,,,,
Intel Xeon E5-2630L V2,Intel,,Xeon E5-2630L V2,6,,,,,
Intel Xeon E5-2609,Intel,,Xeon E5-2609,4,,,,,
Intel Core i3-6320,Intel,,Core i3-6320,2,,,,,
Intel Pentium G4500,Intel,,Pentium G4500,2,,,,,
Intel Xeon E3-1275 V5,Intel,,Xeon E3-1275 V5,4,,,4.0,,
Intel Celeron G4900T,Intel,,Celeron G4900T,2,,,,,
Intel Core i5-9600T,Intel,,Core i5-9600T,6,,,3.9,,
Intel Xeon E-2244G,Intel,,Xeon E-2244G,4,,,4.8,,
Intel Xeon E-2276G,Intel,,Xeon E-2276G,6,,,4.9,,
Intel Xeon E-2124G,Intel,,Xeon E-2124G,4,,,4.5,,
Intel Xeon E5-2623 V3,Intel,,Xeon E5-2623 V3,4,,,3.5,,
Intel Core i3-560,Intel,,Core i3-560,2,,,,,
AMD Athlon II X2 220,AMD,,Athlon II X2 220,2,,,,,
AMD Athlon II X3 445,AMD,,Athlon II X3 445,3,,,,,
AMD Phenom II X2 550 Black,AMD,,Phenom II X2 550 Black,2,,,,,
Intel Pentium E6500,Intel,,Pentium E6500,2,,,,,
Intel Core 2 Duo E6750,Intel,,Core 2 Duo E6750,2,,,,,
Intel Core 2 Duo E7600,Intel,,Core 2 Duo E7600,2,,,,,
Intel Core 2 Extreme QX6850,Intel,,Core 2 Extreme QX6850,4,,,,,
AMD Athlon II X4 645,AMD,,Athlon II X4 645,4,,,,,
Intel Pentium E6700,Intel,,Pentium E6700,2,,,,,
AMD A6-3650,AMD,,A6-3650,4,,,,,
AMD Phenom II X6 1035T,AMD,,Phenom II X6 1035T,6,,,,,
Intel Celeron G540,Intel,,Celeron G540,2,,,,,
AMD A6-3500,AMD,,A6-3500,3,,,,,
Intel Core i3-2125,Intel,,Core i3-2125,2,,,,,
AMD Phenom II X4 970,AMD,,Phenom II X4 970,4,,,,,
Intel Xeon E3-1245,Intel,,Xeon E3-1245,4,,,,,
Intel Xeon E3-1270,Intel,,Xeon E3-1270,4,,,,,
Intel Xeon E3-1265L V2,Intel,,Xeon E3-1265L V2,4,,,,,
AMD Athlon X4 740,AMD,,Athlon X4 740,4,,,,,
AMD Sempron 145,AMD,,Sempron 145,1,,,,,
Intel Xeon E3-1226 V3,Intel,,Xeon E3-1226 V3,4,,,3.7,,
Intel Xeon E5-2643 V2,Intel,,Xeon E5-2643 V2,6,,,3.8,,
AMD Pro A10-7800B,AMD,,Pro A10-7800B,4,,,3.9,,
Intel Xeon E5-2622 V3,Intel,,Xeon E5-2622 V3,8,,,,,
Intel Xeon E5-2685 V3,Intel,,Xeon E5-2685 V3,12,,,3.3,,
AMD Opteron 6344,AMD,,Opteron 6344,12,,,3.2,,
AMD Athlon X4 845,AMD,,Athlon X4 845,4,,,3.8,,
AMD Athlon 5370,AMD,,Athlon 5370,4,,,,,
AMD Athlon X4 870K,AMD,,Athlon X4 870K,4,,,4.1,,
Intel Core i3-7300T,Intel,,Core i3-7300T,2,,,,,
Intel Core i5-7600T,Intel,,Core i5-7600T,4,,,3.7,,
Intel Xeon E3-1275 V6,Intel,,Xeon E3-1275 V6,4,,,4.2,,
AMD Athlon 240GE,AMD,,Athlon 240GE,2,,,,,
Intel Core i3-9320,Intel,,Core i3-9320,4,,,4.4,,
Intel Core i3-9350K,Intel,,Core i3-9350K,4,,,4.6,,
Intel Xeon E-2104G,Intel,,Xeon E-2104G,4,,,,,
Intel Celeron G5905T,Intel,,Celeron G5905T,2,,,,,
Intel Core i3-3240T,Intel,,Core i3-3240T,2,,,,,
AMD Phenom II X2 B59,AMD,,Phenom II X2 B59,2,,,,,
AMD Athlon II X2 215,AMD,,Athlon II X2 215,2,,,,,
AMD Athlon II X2 260,AMD,,Athlon II X2 260,2,,,,,
AMD Phenom II X2 550,AMD,,Phenom II X2 550,2,,,,,
AMD Athlon II X2 235e,AMD,,Athlon II X2 235e,2,,,,,
AMD Athlon II X2 240e,AMD,,Athlon II X2 240e,2,,,,,
AMD Phenom II X3 705e,AMD,,Phenom II X3 705e,3,,,,,
Intel Celeron E1200,Intel,,Celeron E1200,2,,,,,
Intel Celeron E1400,Intel,,Celeron E1400,2,,,,,
Intel Pentium E2180,Intel,,Pentium E2180,2,,,,,
Intel Pentium E2200,Intel,,Pentium E2200,2,,,,,
Intel Celeron E3300,Intel,,Celeron E3300,2,,,,,
Intel Pentium E6300,Intel,,Pentium E6300,2,,,,,
Intel Core 2 Duo E6420,Intel,,Core 2 Duo E6420,2,,,,,
Intel Core i5-655K,Intel,,Core i5-655K,2,,,,,
Intel Core i5-660,Intel,,Core i5-660,2,,,,,
Intel Core i5-670,Intel,,Core i5-670,2,,,,,
Intel Core 2 Extreme QX6800,Intel,,Core 2 Extreme QX6800,4,,,,,
Intel Core 2 Extreme X6800,Intel,,Core 2 Extreme X6800,2,,,,,
AMD Athlon II X3 450,AMD,,Athlon II X3 450,3,,,,,
AMD Athlon II X3 455,AMD,,Athlon II X3 455,3,,,,,
Intel Pentium E6800,Intel,,Pentium E6800,2,,,,,
AMD Phenom II X3 720 Black,AMD,,Phenom II X3 720 Black,3,,,,,
Intel Pentium G840,Intel,,Pentium G840,2,,,,,
AMD Phenom II X4 960T Black,AMD,,Phenom II X4 960T Black,4,,,,,
AMD A4-3400,AMD,,A4-3400,2,,,,,
Intel Xeon E3-1240,Intel,,Xeon E3-1240,4,,,,,
Intel Celeron G1620,Intel,,Celeron G1620,2,,,,,
Intel Xeon E5-1660,Intel,,Xeon E5-1660,6,,,3.9,,
Intel Xeon E5-2665,Intel,,Xeon E5-2665,8,,,3.1,,
Intel Xeon E5-2620 V2,Intel,,Xeon E5-2620 V2,6,,,2.6,,
Intel Pentium G3450,Intel,,Pentium G3450,2,,,,,
AMD Athlon II X4 651,AMD,,Athlon II X4 651,4,,,,,
Intel Xeon E5-2637 V2,Intel,,Xeon E5-2637 V2,4,,,3.8,,
AMD Pro A10-7850B,AMD,,Pro A10-7850B,4,,,4.0,,
AMD Athlon X4 840,AMD,,Athlon X4 840,4,,,3.8,,
Intel Pentium G3250T,Intel,,Pentium G3250T,2,,,,,
Intel Xeon E5-2650L V3,Intel,,Xeon E5-2650L V3,12,,,2.5,,
Intel Core i5-4670S,Intel,,Core i5-4670S,4,,,3.8,,
Intel Pentium G4520,Intel,,Pentium G4520,2,,,,,
Intel Pentium G4400T,Intel,,Pentium G4400T,2,,,,,
AMD Opteron 6328,AMD,,Opteron 6328,8,,,3.8,,
AMD Athlon X4 880K,AMD,,Athlon X4 880K,4,,,4.2,,
Intel Pentium G4620,Intel,,Pentium G4620,2,,,,,
Intel Xeon E5-2450V2,Intel,,Xeon E5-2450V2,8,,,3.3,,
Intel Xeon E5-2470V2,Intel,,Xeon E5-2470V2,10,,,3.2,,
Intel Xeon E3-1240 V6,Intel,,Xeon E3-1240 V6,4,,,4.1,,
Intel Xeon E3-1225 V6,Intel,,Xeon E3-1225 V6,4,,,3.7,,
Intel Core i5-3550S,Intel,,Core i5-3550S,4,,,3.7,,
AMD A6-7480,AMD,,A6-7480,2,,,3.8,,
Intel Xeon E-2144G,Intel,,Xeon E-2144G,4,,,4.5,,
Intel Xeon E-2126G,Intel,,Xeon E-2126G,6,,,4.5,,
Intel Xeon E-2124,Intel,,Xeon E-2124,4,,,4.3,,
Intel Pentium Gold G6500,Intel,,Pentium Gold G6500,2,,,,,
AMD Athlon II X2 245,AMD,,Athlon II X2 245,2,,,,,
AMD Phenom II X3 720,AMD,,Phenom II X3 720,3,,,,,
AMD Athlon II X4 605e,AMD,,Athlon II X4 605e,4,,,,,
AMD Phenom II X4 910e,AMD,,Phenom II X4 910e,4,,,,,
Intel Core 2 Duo E4500,Intel,,Core 2 Duo E4500,2,,,,,
Intel Core 2 Duo E6850,Intel,,Core 2 Duo E6850,2,,,,,
Intel Core 2 Duo E8300,Intel,,Core 2 Duo E8300,2,,,,,
Intel Core i5-661,Intel,,Core i5-661,2,,,,,
Intel Core 2 Quad Q9400S,Intel,,Core 2 Quad Q9400S,4,,,,,
AMD Phenom II X2 565 Black,AMD,,Phenom II X2 565 Black,2,,,,,
AMD Sempron 130,AMD,,Sempron 130,1,,,,,
Intel Pentium G620T,Intel,,Pentium G620T,2,,,,,
Intel Pentium G860,Intel,,Pentium G860,2,,,,,
AMD Athlon II X4 641,AMD,,Athlon II X4 641,4,,,,,
Intel Xeon E3-1220,Intel,,Xeon E3-1220,4,,,,,
Intel Xeon E3-1230,Intel,,Xeon E3-1230,4,,,,,
Intel Xeon E3-1235,Intel,,Xeon E3-1235,4,,,,,
Intel Xeon E3-1280,Intel,,Xeon E3-1280,4,,,,,
Intel Core i5-3340S,Intel,,Core i5-3340S,4,,,3.3,,
Intel Xeon E5-2603,Intel,,Xeon E5-2603,4,,,,,
AMD A6-6420K,AMD,,A6-6420K,2,,,4.2,,
AMD A4-4020,AMD,,A4-4020,2,,,3.4,,
AMD A10-6800B,AMD,,A10-6800B,4,,,4.4,,
AMD FX-4200,AMD,,FX-4200,4,,,,,
AMD Pro A4-7300B,AMD,,Pro A4-7300B,2,,,4.0,,
AMD Athlon X2 450,AMD,,Athlon X2 450,2,,,3.9,,
AMD Phenom II X4 B99,AMD,,Phenom II X4 B99,4,,,,,
Intel Xeon E5-2609 V3,Intel,,Xeon E5-2609 V3,6,,,,,
Intel Pentium G4500T,Intel,,Pentium G4500T,2,,,,,
Intel Xeon E5-2658 V3,Intel,,Xeon E5-2658 V3,12,,,2.9,,
Intel Xeon E5-2683 V3,Intel,,Xeon E5-2683 V3,14,,,3.0,,
Intel Pentium G4600T,Intel,,Pentium G4600T,2,,,,,
AMD A8-7670K,AMD,,A8-7670K,4,,,3.9,,
Intel Xeon E5-2420V2,Intel,,Xeon E5-2420V2,6,,,2.7,,
AMD A6-9550,AMD,,A6-9550,2,,,4.0,,
Intel Core i7-870S,Intel,,Core i7-870S,4,,,,,
Intel Pentium Gold G5500T,Intel,,Pentium Gold G5500T,2,,,,,
Intel Xeon E5-2660,Intel,,Xeon E5-2660,8,,,3.0,,
Intel Xeon E-2146G,Intel,,Xeon E-2146G,6,,,4.5,,
Intel Xeon E-2134,Intel,,Xeon E-2134,4,,,4.5,,
Intel Core i3-10305,Intel,,Core i3-10305,4,,,4.5,,
Intel Core i5-4670T,Intel,,Core i5-4670T,4,,,,,
Intel Celeron G3950,Intel,,Celeron G3950,2,,,,,
AMD Athlon II X2 255,AMD,,Athlon II X2 255,2,,,,,
AMD Athlon II X3 435,AMD,,Athlon II X3 435,3,,,,,
AMD Phenom II X2 545,AMD,,Phenom II X2 545,2,,,,,
AMD Athlon II X3 400e,AMD,,Athlon II X3 400e,3,,,,,
AMD Athlon II X3 405e,AMD,,Athlon II X3 405e,3,,,,,
AMD Athlon II X3 415e,AMD,,Athlon II X3 415e,3,,,,,
AMD Athlon II X4 600e,AMD,,Athlon II X4 600e,4,,,,,
AMD Phenom II X3 740 Black,AMD,,Phenom II X3 740 Black,3,,,,,
AMD Phenom II X4 965 Black (140W),AMD,,Phenom II X4 965 Black (140W),4,,,,,
Intel Celeron E1500,Intel,,Celeron E1500,2,,,,,
Intel Celeron E1600,Intel,,Celeron E1600,2,,,,,
Intel Celeron E3200,Intel,,Celeron E3200,2,,,,,
Intel Core 2 Duo E4400,Intel,,Core 2 Duo E4400,2,,,,,
Intel Core 2 Duo E7300,Intel,,Core 2 Duo E7300,2,,,,,
Intel Core 2 Duo E8200,Intel,,Core 2 Duo E8200,2,,,,,
Intel Core i5-750S,Intel,,Core i5-750S,4,,,,,
Intel Core i7-860S,Intel,,Core i7-860S,4,,,,,
Intel Core 2 Quad Q8200S,Intel,,Core 2 Quad Q8200S,4,,,,,
Intel Core 2 Quad Q9450,Intel,,Core 2 Quad Q9450,4,,,,,
Intel Core 2 Quad Q9505,Intel,,Core 2 Quad Q9505,4,,,,,
AMD Phenom II X2 560 Black,AMD,,Phenom II X2 560 Black,2,,,,,
AMD Athlon II X3 460,AMD,,Athlon II X3 460,3,,,,,
AMD Athlon II X3 440,AMD,,Athlon II X3 440,3,,,,,
Intel Core i3-2105,Intel,,Core i3-2105,2,,,,,
Intel Pentium G630T,Intel,,Pentium G630T,2,,,,,
Intel Core i5-2380P,Intel,,Core i5-2380P,4,,,,,
Intel Core i5-2450P,Intel,,Core i5-2450P,4,,,,,
Intel Pentium G550,Intel,,Pentium G550,2,,,,,
Intel Celeron G555,Intel,,Celeron G555,2,,,,,
AMD Athlon II X4 651K,AMD,,Athlon II X4 651K,4,,,,,
Intel Pentium G2130,Intel,,Pentium G2130,2,,,,,
Intel Pentium G3430,Intel,,Pentium G3430,2,,,,,
AMD A10-6790K,AMD,,A10-6790K,4,,,4.3,,
Intel Celeron G1630,Intel,,Celeron G1630,2,,,,,
Intel Pentium G2140,Intel,,Pentium G2140,2,,,,,
Intel Xeon E5-2609 V2,Intel,,Xeon E5-2609 V2,4,,,,,
Intel Celeron G1850,Intel,,Celeron G1850,2,,,,,
AMD Sempron X2 190,AMD,,Sempron X2 190,2,,,,,
AMD FX-4320,AMD,,FX-4320,4,,,4.2,,
AMD Athlon X4 530,AMD,,Athlon X4 530,4,,,,,
AMD Athlon X4 550,AMD,,Athlon X4 550,4,,,,,
AMD Pro A8-7600B,AMD,,Pro A8-7600B,4,,,3.8,,
AMD Pro A6-7400B,AMD,,Pro A6-7400B,2,,,3.9,,
AMD Athlon X2 350,AMD,,Athlon X2 350,2,,,3.9,,
AMD Sempron X2 250,AMD,,Sempron X2 250,2,,,3.6,,
Intel Pentium G3460,Intel,,Pentium G3460,2,,,,,
AMD Phenom II X6 1065T,AMD,,Phenom II X6 1065T,6,,,,,
Intel Xeon E5-2603 V2,Intel,,Xeon E5-2603 V2,4,,,,,
Intel Xeon E3-1280 V5,Intel,,Xeon E3-1280 V5,4,,,4.0,,
AMD A6-7470K,AMD,,A6-7470K,2,,,4.0,,
Intel Pentium G4560T,Intel,,Pentium G4560T,2,,,,,
Intel Core i3-7101TE,Intel,,Core i3-7101TE,2,,,,,
Intel Xeon E5-2430V2,Intel,,Xeon E5-2430V2,6,,,3.0,,
Intel Xeon E5-2440V2,Intel,,Xeon E5-2440V2,8,,,2.4,,
AMD Athlon X4 940,AMD,,Athlon X4 940,4,,,3.6,,
AMD Athlon II X3 425,AMD,,Athlon II X3 425,3,,,,,
Intel Celeron 450,Intel,,Celeron 450,1,,,,,
AMD Phenom II X3 710,AMD,,Phenom II X3 710,3,,,,,
AMD Phenom II X4 805,AMD,,Phenom II X4 805,4,,,,,
AMD Phenom II X4 810,AMD,,Phenom II X4 810,4,,,,,
AMD Phenom II X4 910,AMD,,Phenom II X4 910,4,,,,,
AMD Phenom II X4 920,AMD,,Phenom II X4 920,4,,,,,
AMD Athlon II X2 245e,AMD,,Athlon II X2 245e,2,,,,,
AMD Athlon II X2 260u,AMD,,Athlon II X2 260u,2,,,,,
AMD Athlon II X4 610e,AMD,,Athlon II X4 610e,4,,,,,
Intel Core 2 Duo E6540,Intel,,Core 2 Duo E6540,2,,,,,
Intel Core 2 Duo E8190,Intel,,Core 2 Duo E8190,2,,,,,
Intel Core 2 Quad Q8400S,Intel,,Core 2 Quad Q8400S,4,,,,,
Intel Core 2 Quad Q9505S,Intel,,Core 2 Quad Q9505S,4,,,,,
AMD Athlon II X2 265,AMD,,Athlon II X2 265,2,,,,,
AMD Phenom II X3 715 Black,AMD,,Phenom II X3 715 Black,3,,,,,
Intel Celeron E3500,Intel,,Celeron E3500,2,,,,,
AMD FX-4170,AMD,,FX-4170,4,,,,,
Intel Celeron G465,Intel,,Celeron G465,2,,,,,
Intel Pentium G2010,Intel,,Pentium G2010,2,,,,,
Intel Celeron G1830,Intel,,Celeron G1830,2,,,,,
Intel Xeon E5-2640,Intel,,Xeon E5-2640,6,,,3.0,,
Intel Pentium G3440,Intel,,Pentium G3440,2,,,,,
AMD Sempron X2 198,AMD,,Sempron X2 198,2,,,,,
AMD A10-6700T,AMD,,A10-6700T,4,,,3.5,,
AMD A10-6790B,AMD,,A10-6790B,4,,,,,
AMD A4-6320,AMD,,A4-6320,2,,,4.0,,
AMD A4-3450,AMD,,A4-3450,2,,,,,
AMD A4-3420,AMD,,A4-3420,2,,,,,
AMD FX-4150,AMD,,FX-4150,4,,,4.1,,
AMD FX-6130,AMD,,FX-6130,6,,,3.9,,
AMD FX-8140,AMD,,FX-8140,8,,,4.1,,
AMD Athlon II X2 221,AMD,,Athlon II X2 221,2,,,,,
AMD Athlon II X4 638,AMD,,Athlon II X4 638,4,,,,,
Intel Core i3-4360T,Intel,,Core i3-4360T,2,,,,,
